[
    {
        "expanded" : false,
        "question": "Question 1",
        "body": "Body "
    },
    {
        "expanded" : false,
        "question" : "Question 2",
        "body": "Boby 2"
    },
    {
        "expanded" : false,
        "question" : "Question 3",
        "body": "Boby 3"
    },
    {
        "expanded" : false,
        "question" : "Question 4",
        "body": "Boby 4"
    },
    {
        "expanded" : false,
        "question" : "Question 5",
        "body": "Boby 5"
    },
    {
        "expanded" : false,
        "question" : "Question 6",
        "body": "Boby 6"
    },
    {
        "expanded" : false,
        "question" : "Question 7",
        "body": "Boby 7"
    },
    {
        "expanded" : false,
        "question" : "Question 8",
        "body": "Body 8"
    }

]